{
  "problem1": {
    "t=0s": {
      "head": {
        "x": 8.8,
        "y": -0.0,
        "vx": 0.0,
        "vy": 0.0,
        "speed": 0.0
      },
      "body_1": {
        "x": 8.30667532475734,
        "y": -2.817131655566833,
        "vx": 0.0,
        "vy": 0.0,
        "speed": 0.0
      },
      "body_51": {
        "x": -5.433677669380657,
        "y": 5.739862529855579,
        "vx": 0.0,
        "vy": 0.0,
        "speed": 0.0
      },
      "body_101": {
        "x": -5.692022742880836,
        "y": -3.9496131225911233,
        "vx": 0.0,
        "vy": 0.0,
        "speed": 0.0
      },
      "body_151": {
        "x": -5.712486715066158,
        "y": -0.9397737497928345,
        "vx": 0.0,
        "vy": 0.0,
        "speed": 0.0
      },
      "body_201": {
        "x": 3.912864209277173,
        "y": -1.9233233277345572,
        "vx": 0.0,
        "vy": 0.0,
        "speed": 0.0
      }
    },
    "t=60s": {
      "head": {
        "x": 5.799209029702736,
        "y": -5.771092341451065,
        "vx": -0.7086261484064593,
        "vy": -0.7055753201587756,
        "speed": 0.9999937752918925
      },
      "body_1": {
        "x": 3.440700762360406,
        "y": -7.388818756167269,
        "vx": -0.9084956863740423,
        "vy": -0.41797364313087115,
        "speed": 1.0000331887054226
      },
      "body_51": {
        "x": 5.656875299373692,
        "y": 4.46794030627989,
        "vx": 0.6160375256998929,
        "vy": -0.7883656232448732,
        "speed": 1.000511163848122
      },
      "body_101": {
        "x": 4.146366333945281,
        "y": 4.504563216043976,
        "vx": 0.7325934154789682,
        "vy": -0.6826657100195099,
        "speed": 1.0013618646820848
      },
      "body_151": {
        "x": -0.9850426342345232,
        "y": -4.69210298088288,
        "vx": -0.9802615235531287,
        "vy": 0.213780449150498,
        "speed": 1.003301916173636
      },
      "body_201": {
        "x": -0.5322524672765925,
        "y": 2.85443772324121,
        "vx": 0.9973436223810495,
        "vy": 0.17288828710944504,
        "speed": 1.0122176944332633
      }
    },
    "t=120s": {
      "head": {
        "x": -4.08488743984235,
        "y": -6.304478922145479,
        "vx": -0.8365016497995104,
        "vy": 0.5479509315738795,
        "speed": 0.9999926167377362
      },
      "body_1": {
        "x": -6.121307497167312,
        "y": -4.296347116195583,
        "vx": -0.5704009109326691,
        "vy": 0.8214253990609244,
        "speed": 1.0000484415343178
      },
      "body_51": {
        "x": -1.7518175669021432,
        "y": -6.195470281814141,
        "vx": -0.9614031205657336,
        "vy": 0.2779000266404985,
        "speed": 1.0007619022726237
      },
      "body_101": {
        "x": -4.838490289775087,
        "y": 1.8844015356235857,
        "vx": 0.37044575749461295,
        "vy": 0.9312783785914602,
        "speed": 1.0022522026305039
      },
      "body_151": {
        "x": -2.9881590997441148,
        "y": 1.8718123074669022,
        "vx": 0.5437087216980041,
        "vy": 0.847986223769952,
        "speed": 1.0073230910458177
      },
      "body_201": {
        "x": -2.544411470677566,
        "y": 1.1367052187707702,
        "vx": 1.4788671247798524,
        "vy": 16.157565412828003,
        "speed": 16.225103021015624
      }
    },
    "t=180s": {
      "head": {
        "x": -2.9636086866582687,
        "y": 6.094780240233421,
        "vx": 0.9017170872323854,
        "vy": 0.4323056225791255,
        "speed": 0.9999909283190436
      },
      "body_1": {
        "x": -0.17675743123534324,
        "y": 6.737477743066327,
        "vx": 0.9998625897197663,
        "vy": 0.02066135959444715,
        "speed": 1.0000760421594994
      },
      "body_51": {
        "x": 4.211931893338094,
        "y": 3.6330200024515635,
        "vx": 0.6488506607948086,
        "vy": -0.7625679428432708,
        "speed": 1.0012577327871568
      },
      "body_101": {
        "x": -2.7533291651142275,
        "y": 2.974054485892478,
        "vx": 0.743415576668145,
        "vy": 0.6756462780986539,
        "speed": 1.0045718554396166
      },
      "body_151": {
        "x": 0.0012185624719073642,
        "y": 0.13671437125149544,
        "vx": -19.05638450428549,
        "vy": 5.022659823058984,
        "speed": 19.70717894761559
      },
      "body_201": {
        "x": -0.43716414311941865,
        "y": -4.249044831704864,
        "vx": 8.217967555063296,
        "vy": -1.4941735056668026,
        "speed": 8.352696881912431
      }
    },
    "t=240s": {
      "head": {
        "x": 2.594493722002513,
        "y": -5.35674280252509,
        "vx": -0.9027129729930206,
        "vy": -0.43021595288402104,
        "speed": 0.9999882387937391
      },
      "body_1": {
        "x": -0.21235954130154536,
        "y": -5.905536714917899,
        "vx": -0.9992392564546224,
        "vy": 0.042286247378706676,
        "speed": 1.000133600254166
      },
      "body_51": {
        "x": 0.9674846432073824,
        "y": 4.413821856716995,
        "vx": 0.9774227555969739,
        "vy": -0.22273912950324437,
        "speed": 1.0024809040428873
      },
      "body_101": {
        "x": -1.8773367472333888,
        "y": 1.5198352273159839,
        "vx": 0.6520020714590169,
        "vy": 0.780857150355081,
        "speed": 1.0172731149733127
      },
      "body_151": {
        "x": -3.712032409845641,
        "y": 1.1137494182473504,
        "vx": 0.36106922611981673,
        "vy": 1.4136267927198631,
        "speed": 1.459010519203412
      },
      "body_201": {
        "x": -3.9987148999733777,
        "y": -3.6807760842513284,
        "vx": -1.015477628659358,
        "vy": 1.0399311058042615,
        "speed": 1.4534963086044999
      }
    },
    "t=300s": {
      "head": {
        "x": 4.42027406151124,
        "y": 2.320428679492051,
        "vx": 0.4581242092697124,
        "vy": -0.8888693799088898,
        "speed": 0.9999832826895725
      },
      "body_1": {
        "x": 4.916211941096608,
        "y": -0.49624411293386855,
        "vx": -0.10801061674729162,
        "vy": -0.9944373278854907,
        "speed": 1.0002859053401507
      },
      "body_51": {
        "x": -0.7333521070491007,
        "y": -3.0550928073715764,
        "vx": -0.9767111282797247,
        "vy": 0.24669731982038812,
        "speed": 1.0073848299989512
      },
      "body_101": {
        "x": 1.2409371801000928,
        "y": 3.2400043824301568,
        "vx": 45.34957247665212,
        "vy": 33.6944050651867,
        "speed": 56.496872979944676
      },
      "body_151": {
        "x": 3.5705433847706085,
        "y": 3.717517347820587,
        "vx": 61.569179388211204,
        "vy": -6.086384289850275,
        "speed": 61.869280941849226
      },
      "body_201": {
        "x": 3.747940474799965,
        "y": -5.197402382781823,
        "vx": -25.387435874634544,
        "vy": -58.10330883567492,
        "speed": 63.4075421219156
      }
    }
  },
  "problem2": {
    "collision_time": 90.60000000000001,
    "min_distance": 0.0
  },
  "problem4": {
    "note": "Simplified spiral model",
    "head_speed_constant": true,
    "total_benches": 223
  }
}